{"cameraMode":{"drawMode":0,"name":"Shaded","section":"Shading Mode"},"sceneLighting":false,"audioPlay":false,"sceneViewState":{"m_AlwaysRefresh":false,"showFog":true,"showSkybox":false,"showFlares":true,"showImageEffects":true,"showParticleSystems":true,"showVisualEffectGraphs":true,"m_FxEnabled":true},"in2DMode":false,"pivot":{"x":0.00550609827041626,"y":0.8968040943145752,"z":-0.04377453029155731},"rotation":{"x":-0.08798397332429886,"y":0.17458060383796693,"z":-0.01579299382865429,"w":-0.9807823300361633},"size":1.428486943244934,"orthographic":false}